case,native,sgraph,category,native_reason,sgraph_reason
TestSpec2025_Boundary_ConcurrentRequestsDoNotLeakVariables,PASS,PASS,BOTH_PASS,,
TestSpec2025_Boundary_EnumValues/all_declared_values_are_accepted/A,PASS,PASS,BOTH_PASS,,
TestSpec2025_Boundary_EnumValues/all_declared_values_are_accepted/B,PASS,PASS,BOTH_PASS,,
TestSpec2025_Boundary_EnumValues/all_declared_values_are_accepted/DEPRECATED_C,PASS,PASS,BOTH_PASS,,
TestSpec2025_Boundary_EnumValues/enum_names_are_case_sensitive,PASS,PASS,BOTH_PASS,,
TestSpec2025_Boundary_EnumValues/quoted_enum_literal_is_rejected,PASS,PASS,BOTH_PASS,,
TestSpec2025_Boundary_EnumValues/undefined_value_is_rejected,PASS,PASS,BOTH_PASS,,
TestSpec2025_Boundary_EnumValues/unknown_internal_result_value_is_a_field_error,FAIL,PASS,SGRAPH_FIXED,"an enum result outside the declared values must produce a field error, got map[string]interface {}{""badEnum"":interface {}(nil)}",
TestSpec2025_Boundary_FloatValues/literal_exponent_forms/-2.5,PASS,PASS,BOTH_PASS,,
TestSpec2025_Boundary_FloatValues/literal_exponent_forms/0.0,PASS,PASS,BOTH_PASS,,
TestSpec2025_Boundary_FloatValues/literal_exponent_forms/1.0,PASS,PASS,BOTH_PASS,,
TestSpec2025_Boundary_FloatValues/literal_exponent_forms/1.5e-3,PASS,PASS,BOTH_PASS,,
TestSpec2025_Boundary_FloatValues/literal_exponent_forms/1E10,PASS,PASS,BOTH_PASS,,
TestSpec2025_Boundary_FloatValues/literal_exponent_forms/1e10,PASS,PASS,BOTH_PASS,,
TestSpec2025_Boundary_FloatValues/numeric_string_is_rejected,FAIL,FAIL,BOTH_FAIL,"expected a request error, got none; data=map[string]interface {}{""echoFloat"":""1.5""}","expected a request error, got none; data=map[string]interface {}{""echoFloat"":""1.5""}"
TestSpec2025_Boundary_FloatValues/valid_inputs/huge,PASS,PASS,BOTH_PASS,,
TestSpec2025_Boundary_FloatValues/valid_inputs/integer_coerced,PASS,PASS,BOTH_PASS,,
TestSpec2025_Boundary_FloatValues/valid_inputs/negative_zero,PASS,PASS,BOTH_PASS,,
TestSpec2025_Boundary_FloatValues/valid_inputs/tiny,PASS,PASS,BOTH_PASS,,
TestSpec2025_Boundary_FloatValues/valid_inputs/zero,PASS,PASS,BOTH_PASS,,
TestSpec2025_Boundary_FragmentCounts/many_distinct_fragments,PASS,PASS,BOTH_PASS,,
TestSpec2025_Boundary_FragmentCounts/one_fragment_spread_many_times_merges,PASS,PASS,BOTH_PASS,,
TestSpec2025_Boundary_IDValues/boolean_input_is_rejected,FAIL,FAIL,BOTH_FAIL,"expected a request error, got none; data=map[string]interface {}{""echoID"":""string:true""}","expected a request error, got none; data=map[string]interface {}{""echoID"":""string:true""}"
TestSpec2025_Boundary_IDValues/result_always_serializes_as_a_string,PASS,PASS,BOTH_PASS,,
TestSpec2025_Boundary_IDValues/string_and_integer_inputs_are_accepted/integer,PASS,PASS,BOTH_PASS,,
TestSpec2025_Boundary_IDValues/string_and_integer_inputs_are_accepted/numeric_string,PASS,PASS,BOTH_PASS,,
TestSpec2025_Boundary_IDValues/string_and_integer_inputs_are_accepted/string,PASS,PASS,BOTH_PASS,,
TestSpec2025_Boundary_IntValues/input_boundaries/invalid_above_max,PASS,PASS,BOTH_PASS,,
TestSpec2025_Boundary_IntValues/input_boundaries/invalid_below_min,PASS,PASS,BOTH_PASS,,
TestSpec2025_Boundary_IntValues/input_boundaries/invalid_boolean,FAIL,FAIL,BOTH_FAIL,"expected a request error, got none; data=map[string]interface {}{""echoInt"":""1""}","expected a request error, got none; data=map[string]interface {}{""echoInt"":""1""}"
TestSpec2025_Boundary_IntValues/input_boundaries/invalid_fraction,FAIL,FAIL,BOTH_FAIL,"expected a request error, got none; data=map[string]interface {}{""echoInt"":""1""}","expected a request error, got none; data=map[string]interface {}{""echoInt"":""1""}"
TestSpec2025_Boundary_IntValues/input_boundaries/invalid_numeric_string,FAIL,FAIL,BOTH_FAIL,"expected a request error, got none; data=map[string]interface {}{""echoInt"":""5""}","expected a request error, got none; data=map[string]interface {}{""echoInt"":""5""}"
TestSpec2025_Boundary_IntValues/input_boundaries/valid_max,PASS,PASS,BOTH_PASS,,
TestSpec2025_Boundary_IntValues/input_boundaries/valid_min,PASS,PASS,BOTH_PASS,,
TestSpec2025_Boundary_IntValues/input_boundaries/valid_minusOne,PASS,PASS,BOTH_PASS,,
TestSpec2025_Boundary_IntValues/input_boundaries/valid_one,PASS,PASS,BOTH_PASS,,
TestSpec2025_Boundary_IntValues/input_boundaries/valid_zero,PASS,PASS,BOTH_PASS,,
TestSpec2025_Boundary_IntValues/result_boundaries/max_int32_serializes,PASS,PASS,BOTH_PASS,,
TestSpec2025_Boundary_IntValues/result_boundaries/out_of_range_result_is_a_field_error,FAIL,PASS,SGRAPH_FIXED,"an out-of-range Int result must produce a field error, got data=map[string]interface {}{""value"":interface {}(nil)}",
TestSpec2025_Boundary_LargeDocument,PASS,PASS,BOTH_PASS,,
TestSpec2025_Boundary_ListSizes/all_null_elements,PASS,PASS,BOTH_PASS,,
TestSpec2025_Boundary_ListSizes/leading_and_trailing_nulls,PASS,PASS,BOTH_PASS,,
TestSpec2025_Boundary_ListSizes/size_0,PASS,PASS,BOTH_PASS,,
TestSpec2025_Boundary_ListSizes/size_1,PASS,PASS,BOTH_PASS,,
TestSpec2025_Boundary_ListSizes/size_1024,PASS,PASS,BOTH_PASS,,
TestSpec2025_Boundary_ListSizes/size_10240,PASS,PASS,BOTH_PASS,,
TestSpec2025_Boundary_NestedListDepth/depth_1,PASS,PASS,BOTH_PASS,,
TestSpec2025_Boundary_NestedListDepth/depth_2,PASS,PASS,BOTH_PASS,,
TestSpec2025_Boundary_NestedListDepth/depth_3,PASS,PASS,BOTH_PASS,,
TestSpec2025_Boundary_NestedListDepth/depth_4,PASS,PASS,BOTH_PASS,,
TestSpec2025_Boundary_NestedListDepth/empty_list_at_each_level,PASS,PASS,BOTH_PASS,,
TestSpec2025_Boundary_RepeatedExecutionIsStable,PASS,PASS,BOTH_PASS,,
TestSpec2025_Boundary_SelectionBreadth/many_aliases_of_one_field,PASS,PASS,BOTH_PASS,,
TestSpec2025_Boundary_SelectionBreadth/width_1,PASS,PASS,BOTH_PASS,,
TestSpec2025_Boundary_SelectionBreadth/width_512,PASS,PASS,BOTH_PASS,,
TestSpec2025_Boundary_SelectionBreadth/width_64,PASS,PASS,BOTH_PASS,,
TestSpec2025_Boundary_SelectionDepth,PASS,PASS,BOTH_PASS,,
TestSpec2025_Boundary_StringValues/control_chars,PASS,PASS,BOTH_PASS,,
TestSpec2025_Boundary_StringValues/empty,PASS,PASS,BOTH_PASS,,
TestSpec2025_Boundary_StringValues/long_64KiB,PASS,PASS,BOTH_PASS,,
TestSpec2025_Boundary_StringValues/non_string_result_is_a_field_error,FAIL,FAIL,BOTH_FAIL,"a non-string result for a String field must produce a field error, got map[string]interface {}{""value"":""42""}","a non-string result for a String field must produce a field error, got map[string]interface {}{""value"":""42""}"
TestSpec2025_Boundary_StringValues/quotes_and_slash,PASS,PASS,BOTH_PASS,,
TestSpec2025_Boundary_StringValues/single,PASS,PASS,BOTH_PASS,,
TestSpec2025_Boundary_StringValues/surrogate_pair,PASS,PASS,BOTH_PASS,,
TestSpec2025_Boundary_StringValues/unicode_bmp,PASS,PASS,BOTH_PASS,,
TestSpec2025_Boundary_VariableCountAndNesting/deeply_nested_input_object,PASS,PASS,BOTH_PASS,,
TestSpec2025_Boundary_VariableCountAndNesting/variables_0,PASS,PASS,BOTH_PASS,,
TestSpec2025_Boundary_VariableCountAndNesting/variables_1,PASS,PASS,BOTH_PASS,,
TestSpec2025_Boundary_VariableCountAndNesting/variables_256,PASS,PASS,BOTH_PASS,,
TestSpec2025_Boundary_VariableCountAndNesting/variables_64,PASS,PASS,BOTH_PASS,,
TestSpec2025_Cross_AbstractListAndFragments/abstract_element_error_keeps_sibling_root_data,PASS,PASS,BOTH_PASS,,
TestSpec2025_Cross_AbstractListAndFragments/interface_list_with_typename_and_inline_fragments,PASS,PASS,BOTH_PASS,,
TestSpec2025_Cross_AbstractListAndFragments/invalid_runtime_type_becomes_a_field_error,PASS,PASS,BOTH_PASS,,
TestSpec2025_Cross_AbstractListAndFragments/skip_inside_an_inline_fragment_on_a_list_element,PASS,PASS,BOTH_PASS,,
TestSpec2025_Cross_AbstractListAndFragments/union_list_with_named_fragments_and_aliases,PASS,PASS,BOTH_PASS,,
TestSpec2025_Cross_ConditionalDirectiveMatrix/field_literal_skip_false_include_false,PASS,FAIL,SGRAPH_REGRESSED,,unexpected errors: [no roots found]
TestSpec2025_Cross_ConditionalDirectiveMatrix/field_literal_skip_false_include_true,PASS,PASS,BOTH_PASS,,
TestSpec2025_Cross_ConditionalDirectiveMatrix/field_literal_skip_true_include_false,PASS,FAIL,SGRAPH_REGRESSED,,unexpected errors: [no roots found]
TestSpec2025_Cross_ConditionalDirectiveMatrix/field_literal_skip_true_include_true,PASS,FAIL,SGRAPH_REGRESSED,,unexpected errors: [no roots found]
TestSpec2025_Cross_ConditionalDirectiveMatrix/field_variable_skip_false_include_false,PASS,PASS,BOTH_PASS,,
TestSpec2025_Cross_ConditionalDirectiveMatrix/field_variable_skip_false_include_true,PASS,PASS,BOTH_PASS,,
TestSpec2025_Cross_ConditionalDirectiveMatrix/field_variable_skip_true_include_false,PASS,PASS,BOTH_PASS,,
TestSpec2025_Cross_ConditionalDirectiveMatrix/field_variable_skip_true_include_true,PASS,PASS,BOTH_PASS,,
TestSpec2025_Cross_ConditionalDirectiveMatrix/fragment_spread_literal_skip_false_include_false,PASS,FAIL,SGRAPH_REGRESSED,,unexpected errors: [no roots found]
TestSpec2025_Cross_ConditionalDirectiveMatrix/fragment_spread_literal_skip_false_include_true,PASS,PASS,BOTH_PASS,,
TestSpec2025_Cross_ConditionalDirectiveMatrix/fragment_spread_literal_skip_true_include_false,PASS,FAIL,SGRAPH_REGRESSED,,unexpected errors: [no roots found]
TestSpec2025_Cross_ConditionalDirectiveMatrix/fragment_spread_literal_skip_true_include_true,PASS,FAIL,SGRAPH_REGRESSED,,unexpected errors: [no roots found]
TestSpec2025_Cross_ConditionalDirectiveMatrix/fragment_spread_variable_skip_false_include_false,PASS,PASS,BOTH_PASS,,
TestSpec2025_Cross_ConditionalDirectiveMatrix/fragment_spread_variable_skip_false_include_true,PASS,PASS,BOTH_PASS,,
TestSpec2025_Cross_ConditionalDirectiveMatrix/fragment_spread_variable_skip_true_include_false,PASS,PASS,BOTH_PASS,,
TestSpec2025_Cross_ConditionalDirectiveMatrix/fragment_spread_variable_skip_true_include_true,PASS,PASS,BOTH_PASS,,
TestSpec2025_Cross_ConditionalDirectiveMatrix/inline_fragment_literal_skip_false_include_false,PASS,FAIL,SGRAPH_REGRESSED,,unexpected errors: [no roots found]
TestSpec2025_Cross_ConditionalDirectiveMatrix/inline_fragment_literal_skip_false_include_true,PASS,PASS,BOTH_PASS,,
TestSpec2025_Cross_ConditionalDirectiveMatrix/inline_fragment_literal_skip_true_include_false,PASS,FAIL,SGRAPH_REGRESSED,,unexpected errors: [no roots found]
TestSpec2025_Cross_ConditionalDirectiveMatrix/inline_fragment_literal_skip_true_include_true,PASS,FAIL,SGRAPH_REGRESSED,,unexpected errors: [no roots found]
TestSpec2025_Cross_ConditionalDirectiveMatrix/nested_field_literal_skip_false_include_false,PASS,PASS,BOTH_PASS,,
TestSpec2025_Cross_ConditionalDirectiveMatrix/nested_field_literal_skip_false_include_true,PASS,PASS,BOTH_PASS,,
TestSpec2025_Cross_ConditionalDirectiveMatrix/nested_field_literal_skip_true_include_false,PASS,PASS,BOTH_PASS,,
TestSpec2025_Cross_ConditionalDirectiveMatrix/nested_field_literal_skip_true_include_true,PASS,PASS,BOTH_PASS,,
TestSpec2025_Cross_CustomScalarMatrix/even_literal_is_rejected_by_validation,PASS,PASS,BOTH_PASS,,
TestSpec2025_Cross_CustomScalarMatrix/even_variable_is_a_request_error,PASS,PASS,BOTH_PASS,,
TestSpec2025_Cross_CustomScalarMatrix/failed_result_serialization_is_a_field_error,FAIL,PASS,SGRAPH_FIXED,a custom scalar whose Serialize returns nil must produce a field error,
TestSpec2025_Cross_CustomScalarMatrix/literal_odd_value_round_trips,PASS,PASS,BOTH_PASS,,
TestSpec2025_Cross_CustomScalarMatrix/variable_odd_value_round_trips,PASS,PASS,BOTH_PASS,,
TestSpec2025_Cross_DefaultResolverBranches,PASS,FAIL,SGRAPH_REGRESSED,,func property must be invoked by the default resolver; got 0x6964c0
TestSpec2025_Cross_ErrorPathsAcrossListsAndAliases/aliased_list_element_error_uses_the_alias,PASS,PASS,BOTH_PASS,,
TestSpec2025_Cross_ErrorPathsAcrossListsAndAliases/list_element_error_uses_index_and_keeps_siblings,PASS,PASS,BOTH_PASS,,
TestSpec2025_Cross_ErrorPathsAcrossListsAndAliases/multiple_sibling_errors_and_partial_data,PASS,PASS,BOTH_PASS,,
TestSpec2025_Cross_ErrorPathsAcrossListsAndAliases/nested_list_error_carries_every_index,PASS,PASS,BOTH_PASS,,
TestSpec2025_Cross_ExtensionHooksRespectSelection,PASS,PASS,BOTH_PASS,,
TestSpec2025_Cross_IntrospectionWithBusinessFields/meta_and_business_fields_in_one_selection_set,PASS,PASS,BOTH_PASS,,
TestSpec2025_Cross_IntrospectionWithBusinessFields/skip_on_a_meta_field_next_to_business_fields,PASS,PASS,BOTH_PASS,,
TestSpec2025_Cross_MutationSerialWithNestedSelections/failing_nullable_root_field_does_not_stop_later_roots,PASS,PASS,BOTH_PASS,,
TestSpec2025_Cross_MutationSerialWithNestedSelections/nested_selections_complete_before_the_next_root_field,PASS,PASS,BOTH_PASS,,
TestSpec2025_Cross_RepeatedResponseNameWithConditions/across_fragments,PASS,PASS,BOTH_PASS,,
TestSpec2025_Cross_RepeatedResponseNameWithConditions/alias_included_field_excluded,PASS,PASS,BOTH_PASS,,
TestSpec2025_Cross_RepeatedResponseNameWithConditions/both_excluded,PASS,FAIL,SGRAPH_REGRESSED,,unexpected errors: [no roots found]
TestSpec2025_Cross_RepeatedResponseNameWithConditions/both_included,PASS,PASS,BOTH_PASS,,
TestSpec2025_Cross_RepeatedResponseNameWithConditions/first_included,PASS,PASS,BOTH_PASS,,
TestSpec2025_Cross_RepeatedResponseNameWithConditions/merged_occurrences_call_the_resolver_once,PASS,PASS,BOTH_PASS,,
TestSpec2025_Cross_RepeatedResponseNameWithConditions/second_included,PASS,PASS,BOTH_PASS,,
TestSpec2025_Cross_VariableAndInputObjectMatrix/all_defaults_applied,PASS,PASS,BOTH_PASS,,
TestSpec2025_Cross_VariableAndInputObjectMatrix/enum_variable,PASS,PASS,BOTH_PASS,,
TestSpec2025_Cross_VariableAndInputObjectMatrix/explicit_null_does_not_use_the_field_default,FAIL,PASS,SGRAPH_FIXED,"echoFilter = text=t|count=7|mode=A|tags=<missing>|nested=<missing>, want text=t|count=<null>|mode=<null>|tags=<missing>|nested=<missing>",
TestSpec2025_Cross_VariableAndInputObjectMatrix/invalid_enum_in_a_nested_input_object_is_a_request_error,PASS,PASS,BOTH_PASS,,
TestSpec2025_Cross_VariableAndInputObjectMatrix/literal_input_object_with_variable_leaves,PASS,PASS,BOTH_PASS,,
TestSpec2025_Cross_VariableAndInputObjectMatrix/nested_input_object_defaults,PASS,PASS,BOTH_PASS,,
TestSpec2025_Cross_VariableAndInputObjectMatrix/null_item_in_a_non_null_item_list_is_a_request_error,PASS,PASS,BOTH_PASS,,
TestSpec2025_Cross_VariableAndInputObjectMatrix/single_value_is_coerced_into_a_list,PASS,PASS,BOTH_PASS,,
TestSpec2025_Cross_VariableAndInputObjectMatrix/unknown_nested_input_field_is_a_request_error,PASS,PASS,BOTH_PASS,,
TestSpec2025_Execution_BuiltInScalarVariableCoercionBoundaries/boolean_false,PASS,PASS,BOTH_PASS,,
TestSpec2025_Execution_BuiltInScalarVariableCoercionBoundaries/boolean_from_number_is_a_request_error,FAIL,FAIL,BOTH_FAIL,"expected a request error, got none; data=map[string]interface {}{""echoBool"":""true""}","expected a request error, got none; data=map[string]interface {}{""echoBool"":""true""}"
TestSpec2025_Execution_BuiltInScalarVariableCoercionBoundaries/boolean_true,PASS,PASS,BOTH_PASS,,
TestSpec2025_Execution_BuiltInScalarVariableCoercionBoundaries/float_from_integer,PASS,PASS,BOTH_PASS,,
TestSpec2025_Execution_BuiltInScalarVariableCoercionBoundaries/float_from_string_is_a_request_error,FAIL,FAIL,BOTH_FAIL,"expected a request error, got none; data=map[string]interface {}{""echoFloat"":""1.5""}","expected a request error, got none; data=map[string]interface {}{""echoFloat"":""1.5""}"
TestSpec2025_Execution_BuiltInScalarVariableCoercionBoundaries/id_from_boolean_is_a_request_error,FAIL,FAIL,BOTH_FAIL,"expected a request error, got none; data=map[string]interface {}{""echoID"":""string:true""}","expected a request error, got none; data=map[string]interface {}{""echoID"":""string:true""}"
TestSpec2025_Execution_BuiltInScalarVariableCoercionBoundaries/id_from_integer,PASS,PASS,BOTH_PASS,,
TestSpec2025_Execution_BuiltInScalarVariableCoercionBoundaries/id_from_string,PASS,PASS,BOTH_PASS,,
TestSpec2025_Execution_BuiltInScalarVariableCoercionBoundaries/int_above_int32_is_a_request_error,PASS,PASS,BOTH_PASS,,
TestSpec2025_Execution_BuiltInScalarVariableCoercionBoundaries/int_below_int32_is_a_request_error,PASS,PASS,BOTH_PASS,,
TestSpec2025_Execution_BuiltInScalarVariableCoercionBoundaries/int_from_boolean_is_a_request_error,FAIL,FAIL,BOTH_FAIL,"expected a request error, got none; data=map[string]interface {}{""echoInt"":""1""}","expected a request error, got none; data=map[string]interface {}{""echoInt"":""1""}"
TestSpec2025_Execution_BuiltInScalarVariableCoercionBoundaries/int_from_fractional_number_is_a_request_error,FAIL,FAIL,BOTH_FAIL,"expected a request error, got none; data=map[string]interface {}{""echoInt"":""1""}","expected a request error, got none; data=map[string]interface {}{""echoInt"":""1""}"
TestSpec2025_Execution_BuiltInScalarVariableCoercionBoundaries/int_from_numeric_string_is_a_request_error,FAIL,FAIL,BOTH_FAIL,"expected a request error, got none; data=map[string]interface {}{""echoInt"":""5""}","expected a request error, got none; data=map[string]interface {}{""echoInt"":""5""}"
TestSpec2025_Execution_BuiltInScalarVariableCoercionBoundaries/int_max_int32,PASS,PASS,BOTH_PASS,,
TestSpec2025_Execution_BuiltInScalarVariableCoercionBoundaries/int_min_int32,PASS,PASS,BOTH_PASS,,
TestSpec2025_Execution_BuiltInScalarVariableCoercionBoundaries/string_empty,PASS,PASS,BOTH_PASS,,
TestSpec2025_Execution_BuiltInScalarVariableCoercionBoundaries/string_from_number_is_a_request_error,FAIL,FAIL,BOTH_FAIL,"expected a request error, got none; data=map[string]interface {}{""echoNoDefault"":""3""}","expected a request error, got none; data=map[string]interface {}{""echoNoDefault"":""3""}"
TestSpec2025_Execution_ContextPropagationAndCancellation/already_cancelled_context_produces_an_error_result,PASS,PASS,BOTH_PASS,,
TestSpec2025_Execution_ContextPropagationAndCancellation/context_value_reaches_every_resolver,PASS,PASS,BOTH_PASS,,
TestSpec2025_Execution_ErrorHandling,FAIL,PASS,SGRAPH_FIXED,isolated case execution_errorhandling failed: exit status 2,
TestSpec2025_Execution_FieldArgumentCoercion/argument_default_used_when_argument_is_omitted,PASS,PASS,BOTH_PASS,,
TestSpec2025_Execution_FieldArgumentCoercion/explicit_null_beats_argument_default_on_echoOptional,FAIL,FAIL,BOTH_FAIL,"unexpected errors: [Syntax Error GraphQL request (1:23) Unexpected Name ""null""","unexpected errors: [Syntax Error GraphQL request (1:23) Unexpected Name ""null"""
TestSpec2025_Execution_FieldArgumentCoercion/explicit_null_literal_yields_null_not_the_argument_default,FAIL,FAIL,BOTH_FAIL,"unexpected errors: [Syntax Error GraphQL request (1:27) Unexpected Name ""null""","unexpected errors: [Syntax Error GraphQL request (1:27) Unexpected Name ""null"""
TestSpec2025_Execution_FieldArgumentCoercion/literal_argument_wins_over_argument_default,PASS,PASS,BOTH_PASS,,
TestSpec2025_Execution_FieldArgumentCoercion/omitted_argument_uses_argument_default,PASS,PASS,BOTH_PASS,,
TestSpec2025_Execution_FieldArgumentCoercion/omitted_variable_falls_back_to_argument_default,PASS,PASS,BOTH_PASS,,
TestSpec2025_Execution_FieldArgumentCoercion/variable_argument_wins_over_argument_default,PASS,PASS,BOTH_PASS,,
TestSpec2025_Execution_FieldArgumentCoercion/variable_default_used_when_variable_is_omitted,PASS,PASS,BOTH_PASS,,
TestSpec2025_Execution_FieldArgumentCoercion/variable_holding_null_yields_null_not_the_argument_default,FAIL,PASS,SGRAPH_FIXED,"echo = ""a!"", want ""a<null>"" (query=query ($s: String) { echo(text: ""a"", suffix: $s) } vars=map[string]interface {}{""s"":interface {}(nil)})",
TestSpec2025_Execution_FieldArgumentCoercion/variable_null_beats_argument_default_on_echoOptional,FAIL,PASS,SGRAPH_FIXED,"echoOptional = ""argDefault"", want ""<null>"" (query=query ($v: String) { echoOptional(value: $v) } vars=map[string]interface {}{""v"":interface {}(nil)})",
TestSpec2025_Execution_FieldCollection/include_false_occurrence_does_not_prevent_a_later_occurrence,PASS,PASS,BOTH_PASS,,
TestSpec2025_Execution_FieldCollection/merges_across_named_and_inline_fragments,PASS,PASS,BOTH_PASS,,
TestSpec2025_Execution_FieldCollection/repeated_response_name_is_executed_once,PASS,PASS,BOTH_PASS,,
TestSpec2025_Execution_FieldCollection/skip_and_include_are_evaluated_from_variables,PASS,PASS,BOTH_PASS,,
TestSpec2025_Execution_FieldCollection/skip_true_removes_the_selection_from_collection,PASS,FAIL,SGRAPH_REGRESSED,,unexpected errors: [no roots found]
TestSpec2025_Execution_FieldCollection/sub_selections_of_merged_occurrences_are_unioned,PASS,PASS,BOTH_PASS,,
TestSpec2025_Execution_MutationRootFieldsExecuteSerially/failing_nullable_root_field_does_not_stop_later_root_fields,PASS,PASS,BOTH_PASS,,
TestSpec2025_Execution_MutationRootFieldsExecuteSerially/root_fields_and_their_subselections_complete_in_order,PASS,PASS,BOTH_PASS,,
TestSpec2025_Execution_NullBubbling,FAIL,PASS,SGRAPH_FIXED,isolated case execution-null-bubbling failed: exit status 2,
TestSpec2025_Execution_QueryRootFieldsMayExecuteConcurrently,PASS,PASS,BOTH_PASS,,
TestSpec2025_Execution_ResponsePositionFollowsCollectionOrder/a_later_occurrence_still_leads_when_it_is_the_first_collected_one,FAIL,PASS,SGRAPH_FIXED,"key ""a"" appears out of order in {""a"":""a"",""m"":""m"",""z"":""z""}",
TestSpec2025_Execution_ResponsePositionFollowsCollectionOrder/keys_follow_the_order_fields_appear_in_the_operation,FAIL,PASS,SGRAPH_FIXED,"key ""a"" appears out of order in {""a"":""a"",""m"":""m"",""z"":""z""}",
TestSpec2025_Execution_ResponsePositionFollowsCollectionOrder/position_comes_from_the_first_collected_occurrence,PASS,PASS,BOTH_PASS,,
TestSpec2025_Execution_Subscription/each_source_event_is_mapped_through_execution,PASS,FAIL,SGRAPH_REGRESSED,,unexpected errors: [subscription is not supported yet]
TestSpec2025_Execution_Subscription/subscription_document_is_a_valid_request,PASS,PASS,BOTH_PASS,,
TestSpec2025_Execution_ValueCompletionAbstract/interface_resolves_to_a_concrete_object_type,PASS,PASS,BOTH_PASS,,
TestSpec2025_Execution_ValueCompletionAbstract/runtime_type_outside_the_possible_types_is_a_field_error,PASS,PASS,BOTH_PASS,,
TestSpec2025_Execution_ValueCompletionAbstract/union_resolves_to_a_concrete_object_type,PASS,PASS,BOTH_PASS,,
TestSpec2025_Execution_ValueCompletionLeaf/custom_scalar_serialize_returning_nil_is_a_field_error,FAIL,PASS,SGRAPH_FIXED,"error count = 0, want 1; got paths=[] messages=[]",
TestSpec2025_Execution_ValueCompletionLeaf/enum_value_outside_the_enum_is_a_field_error,FAIL,PASS,SGRAPH_FIXED,"error count = 0, want 1; got paths=[] messages=[]",
TestSpec2025_Execution_ValueCompletionLeaf/int_out_of_32_bit_range_is_a_field_error,FAIL,PASS,SGRAPH_FIXED,"error count = 0, want 1; got paths=[] messages=[]",
TestSpec2025_Execution_ValueCompletionLeaf/successful_leaf_coercions,PASS,PASS,BOTH_PASS,,
TestSpec2025_Execution_ValueCompletionList/collections_of_every_shape_complete_element_wise,PASS,PASS,BOTH_PASS,,
TestSpec2025_Execution_ValueCompletionList/non_collection_result_for_a_list_type_is_a_field_error,PASS,PASS,BOTH_PASS,,
TestSpec2025_Execution_ValueResolution/default_resolution_branches,PASS,FAIL,SGRAPH_REGRESSED,,data mismatch
TestSpec2025_Execution_ValueResolution/explicit_resolver,PASS,PASS,BOTH_PASS,,
TestSpec2025_Execution_ValueResolution/resolver_panicking_with_a_string_becomes_a_field_error,PASS,PASS,BOTH_PASS,,
TestSpec2025_Execution_ValueResolution/resolver_panicking_with_an_error_becomes_a_field_error,PASS,PASS,BOTH_PASS,,
TestSpec2025_Execution_ValueResolution/resolver_returning_a_typed_nil_pointer_yields_null,PASS,PASS,BOTH_PASS,,
TestSpec2025_Execution_ValueResolution/resolver_returning_an_error_becomes_a_field_error,PASS,PASS,BOTH_PASS,,
TestSpec2025_Execution_ValueResolution/resolver_returning_nil_yields_null,PASS,PASS,BOTH_PASS,,
TestSpec2025_Execution_VariableCoercion/explicit_null_for_non_null_variable_is_a_request_error,PASS,PASS,BOTH_PASS,,
TestSpec2025_Execution_VariableCoercion/explicit_null_for_nullable_variable,FAIL,PASS,SGRAPH_FIXED,"echoNoDefault = ""<missing>"", want ""<null>"" (query=query ($v: String) { echoNoDefault(value: $v) } vars=map[string]interface {}{""v"":interface {}(nil)})",
TestSpec2025_Execution_VariableCoercion/explicit_null_overrides_variable_default,FAIL,PASS,SGRAPH_FIXED,"echoNoDefault = ""varDefault"", want ""<null>"" (query=query ($v: String = ""varDefault"") { echoNoDefault(value: $v) } vars=map[string]interface {}{""v"":interface {}(nil)})",
TestSpec2025_Execution_VariableCoercion/input_object_field_explicit_null_stays_null,FAIL,PASS,SGRAPH_FIXED,"echoFilter = ""text=t|count=7|mode=A|tags=<missing>|nested=<missing>"", want ""text=t|count=<null>|mode=A|tags=<missing>|nested=<missing>"" (query=query ($f: S25Filter!) { echoFilter(filter: $f) } vars=map[string]interface {}{""f"":map[string]interface {}{""count"":interface {}(nil), ""text"":""t""}})",
TestSpec2025_Execution_VariableCoercion/input_object_field_omitted_uses_input_field_default,PASS,PASS,BOTH_PASS,,
TestSpec2025_Execution_VariableCoercion/invalid_enum_value_is_a_request_error,PASS,PASS,BOTH_PASS,,
TestSpec2025_Execution_VariableCoercion/nested_input_object_field_explicit_null_stays_null,FAIL,PASS,SGRAPH_FIXED,"echoFilter = ""text=t|count=7|mode=A|tags=<missing>|nested=map[flag:false]"", want ""text=t|count=7|mode=A|tags=<missing>|nested=map[flag:<nil>]"" (query=query ($f: S25Filter!) { echoFilter(filter: $f) } vars=map[string]interface {}{""f"":map[string]interface {}{""nested"":map[string]interface {}{""flag"":interface {}(nil)}, ""text"":""t""}})",
TestSpec2025_Execution_VariableCoercion/nested_input_object_field_omitted_uses_default,PASS,PASS,BOTH_PASS,,
TestSpec2025_Execution_VariableCoercion/nested_list_single_value_is_coerced_at_every_level,PASS,PASS,BOTH_PASS,,
TestSpec2025_Execution_VariableCoercion/nested_list_variable,PASS,PASS,BOTH_PASS,,
TestSpec2025_Execution_VariableCoercion/omitted_non_null_variable_is_a_request_error,PASS,PASS,BOTH_PASS,,
TestSpec2025_Execution_VariableCoercion/omitted_nullable_variable_without_default_leaves_argument_absent,PASS,PASS,BOTH_PASS,,
TestSpec2025_Execution_VariableCoercion/omitted_variable_uses_variable_default,PASS,PASS,BOTH_PASS,,
TestSpec2025_Execution_VariableCoercion/single_value_is_coerced_into_a_list,PASS,PASS,BOTH_PASS,,
TestSpec2025_Execution_VariableCoercion/unknown_input_object_field_is_a_request_error,PASS,PASS,BOTH_PASS,,
TestSpec2025_Execution_VariableCoercion/wrong_scalar_type_is_a_request_error,PASS,PASS,BOTH_PASS,,
TestSpec2025_Introspection_CrossScenarios/aliases_on_introspection_fields,PASS,PASS,BOTH_PASS,,
TestSpec2025_Introspection_CrossScenarios/introspection_mixed_with_business_fields,PASS,PASS,BOTH_PASS,,
TestSpec2025_Introspection_CrossScenarios/introspection_through_inline_fragment,PASS,PASS,BOTH_PASS,,
TestSpec2025_Introspection_CrossScenarios/introspection_through_named_fragment,PASS,PASS,BOTH_PASS,,
TestSpec2025_Introspection_CrossScenarios/skip_directive_on_introspection_field,PASS,PASS,BOTH_PASS,,
TestSpec2025_Introspection_CrossScenarios/typename_and_meta_fields_are_not_in_type_fields,PASS,PASS,BOTH_PASS,,
TestSpec2025_Introspection_CrossScenarios/unknown_type_returns_null,PASS,PASS,BOTH_PASS,,
TestSpec2025_Introspection_CrossScenarios/variable_argument_on_introspection_field,PASS,PASS,BOTH_PASS,,
TestSpec2025_Introspection_DirectiveType,FAIL,FAIL,BOTH_FAIL,"introspection query returned errors: [Cannot query field ""isRepeatable"" on type ""__Directive"".]","introspection query returned errors: [Cannot query field ""isRepeatable"" on type ""__Directive"".]"
TestSpec2025_Introspection_EnumValueType,PASS,PASS,BOTH_PASS,,
TestSpec2025_Introspection_FieldType/args_accepts_includeDeprecated,FAIL,FAIL,BOTH_FAIL,"introspection query returned errors: [Unknown argument ""includeDeprecated"" on field ""args"" of type ""__Field"".]","introspection query returned errors: [Unknown argument ""includeDeprecated"" on field ""args"" of type ""__Field"".]"
TestSpec2025_Introspection_FieldType/field_metadata,PASS,PASS,BOTH_PASS,,
TestSpec2025_Introspection_FieldType/fields_includeDeprecated_false_filters,PASS,PASS,BOTH_PASS,,
TestSpec2025_Introspection_InputValueType,FAIL,FAIL,BOTH_FAIL,"introspection query returned errors: [Cannot query field ""isDeprecated"" on type ""__InputValue"". Cannot query field ""deprecationReason"" on type ""__InputValue"".]","introspection query returned errors: [Cannot query field ""isDeprecated"" on type ""__InputValue"". Cannot query field ""deprecationReason"" on type ""__InputValue"".]"
TestSpec2025_Introspection_SchemaType,FAIL,FAIL,BOTH_FAIL,"__schema query must succeed, got errors: [Cannot query field ""description"" on type ""__Schema"". Did you mean ""subscriptionType""?]","__schema query must succeed, got errors: [Cannot query field ""description"" on type ""__Schema"". Did you mean ""subscriptionType""?]"
TestSpec2025_Introspection_TypeNameField/root_typename_is_query_type_name,PASS,PASS,BOTH_PASS,,
TestSpec2025_Introspection_TypeNameField/typename_inside_a_list,PASS,PASS,BOTH_PASS,,
TestSpec2025_Introspection_TypeNameField/typename_inside_named_and_inline_fragments,PASS,PASS,BOTH_PASS,,
TestSpec2025_Introspection_TypeNameField/typename_on_interface_field_reports_runtime_object_type,PASS,PASS,BOTH_PASS,,
TestSpec2025_Introspection_TypeNameField/typename_on_object_field,PASS,PASS,BOTH_PASS,,
TestSpec2025_Introspection_TypeNameField/typename_on_union_field_reports_runtime_object_type,PASS,PASS,BOTH_PASS,,
TestSpec2025_Introspection_TypeNameField/typename_with_alias,PASS,PASS,BOTH_PASS,,
TestSpec2025_Introspection_TypeType/enum_type,PASS,PASS,BOTH_PASS,,
TestSpec2025_Introspection_TypeType/inputFields_accepts_includeDeprecated,FAIL,FAIL,BOTH_FAIL,"introspection query returned errors: [Unknown argument ""includeDeprecated"" on field ""inputFields"" of type ""__Type"".]","introspection query returned errors: [Unknown argument ""includeDeprecated"" on field ""inputFields"" of type ""__Type"".]"
TestSpec2025_Introspection_TypeType/input_object_exposes_isOneOf,FAIL,FAIL,BOTH_FAIL,"introspection query returned errors: [Cannot query field ""isOneOf"" on type ""__Type"".]","introspection query returned errors: [Cannot query field ""isOneOf"" on type ""__Type"".]"
TestSpec2025_Introspection_TypeType/input_object_type,PASS,PASS,BOTH_PASS,,
TestSpec2025_Introspection_TypeType/interface_implementing_another_interface,FAIL,FAIL,BOTH_FAIL,"__Type.interfaces on an INTERFACE must be a list (September 2025), got null","__Type.interfaces on an INTERFACE must be a list (September 2025), got null"
TestSpec2025_Introspection_TypeType/object_type,PASS,PASS,BOTH_PASS,,
TestSpec2025_Introspection_TypeType/scalar_type_exposes_specifiedByURL,FAIL,FAIL,BOTH_FAIL,"introspection query returned errors: [Cannot query field ""specifiedByURL"" on type ""__Type"".]","introspection query returned errors: [Cannot query field ""specifiedByURL"" on type ""__Type"".]"
TestSpec2025_Introspection_TypeType/union_type,PASS,PASS,BOTH_PASS,,
TestSpec2025_Introspection_TypeType/wrapping_types_unwrap_through_ofType,PASS,PASS,BOTH_PASS,,
TestSpec2025_Language_Arguments/argument_names_must_be_unique,PASS,PASS,BOTH_PASS,,
TestSpec2025_Language_Arguments/argument_order_is_independent,PASS,PASS,BOTH_PASS,,
TestSpec2025_Language_Arguments/explicit_null_argument,FAIL,FAIL,BOTH_FAIL,"unexpected errors: [Syntax Error GraphQL request (1:28) Unexpected Name ""null""","unexpected errors: [Syntax Error GraphQL request (1:28) Unexpected Name ""null"""
TestSpec2025_Language_Arguments/literal_arguments,PASS,PASS,BOTH_PASS,,
TestSpec2025_Language_Arguments/omitted_argument_uses_its_default_value,PASS,PASS,BOTH_PASS,,
TestSpec2025_Language_Arguments/omitted_argument_without_default_is_absent,PASS,PASS,BOTH_PASS,,
TestSpec2025_Language_Arguments/required_argument_must_be_provided,PASS,PASS,BOTH_PASS,,
TestSpec2025_Language_Arguments/undefined_argument_is_invalid,PASS,PASS,BOTH_PASS,,
TestSpec2025_Language_Arguments/variable_arguments,PASS,PASS,BOTH_PASS,,
TestSpec2025_Language_DescriptionsOnExecutableDefinitions/fragment_description/block_quoted,FAIL,FAIL,BOTH_FAIL,"expected ""{ user { ...S25LangUserFields } }\n\""\""\""\nThe fields of a user.\n\""\""\""\nfragment S25LangUserFields on S25User { id name }"" to parse, got: Syntax Error GraphQL September 2025 conformance test (2:1) Expected ""fragment"", found BlockString ""The fields of a user.""","expected ""{ user { ...S25LangUserFields } }\n\""\""\""\nThe fields of a user.\n\""\""\""\nfragment S25LangUserFields on S25User { id name }"" to parse, got: Syntax Error GraphQL September 2025 conformance test (2:1) Expected ""fragment"", found BlockString ""The fields of a user."""
TestSpec2025_Language_DescriptionsOnExecutableDefinitions/fragment_description/single_quoted,FAIL,FAIL,BOTH_FAIL,"expected ""{ user { ...S25LangUserFields } } \""The fields of a user.\"" fragment S25LangUserFields on S25User { id name }"" to parse, got: Syntax Error GraphQL September 2025 conformance test (1:35) Expected ""fragment"", found String ""The fields of a user.""","expected ""{ user { ...S25LangUserFields } } \""The fields of a user.\"" fragment S25LangUserFields on S25User { id name }"" to parse, got: Syntax Error GraphQL September 2025 conformance test (1:35) Expected ""fragment"", found String ""The fields of a user."""
TestSpec2025_Language_DescriptionsOnExecutableDefinitions/operation_description/anonymous_operation_with_description,FAIL,FAIL,BOTH_FAIL,"expected ""\""An anonymous query.\"" query { greeting }"" to parse, got: Syntax Error GraphQL September 2025 conformance test (1:1) Expected Name, found String ""An anonymous query.""","expected ""\""An anonymous query.\"" query { greeting }"" to parse, got: Syntax Error GraphQL September 2025 conformance test (1:1) Expected Name, found String ""An anonymous query."""
TestSpec2025_Language_DescriptionsOnExecutableDefinitions/operation_description/block_quoted,FAIL,FAIL,BOTH_FAIL,"expected ""\""\""\""\nGreets the caller.\n\""\""\""\nquery Greet { greeting }"" to parse, got: Syntax Error GraphQL September 2025 conformance test (1:1) Expected Name, found BlockString ""Greets the caller.""","expected ""\""\""\""\nGreets the caller.\n\""\""\""\nquery Greet { greeting }"" to parse, got: Syntax Error GraphQL September 2025 conformance test (1:1) Expected Name, found BlockString ""Greets the caller."""
TestSpec2025_Language_DescriptionsOnExecutableDefinitions/operation_description/single_quoted,FAIL,FAIL,BOTH_FAIL,"expected ""\""Greets the caller.\"" query Greet { greeting }"" to parse, got: Syntax Error GraphQL September 2025 conformance test (1:1) Expected Name, found String ""Greets the caller.""","expected ""\""Greets the caller.\"" query Greet { greeting }"" to parse, got: Syntax Error GraphQL September 2025 conformance test (1:1) Expected Name, found String ""Greets the caller."""
TestSpec2025_Language_DescriptionsOnExecutableDefinitions/variable_description/block_quoted,FAIL,FAIL,BOTH_FAIL,"expected ""query Echo(\n\""\""\""\nThe text to echo.\n\""\""\""\n$text: String! = \""hi\""\n) { echo(text: $text) }"" to parse, got: Syntax Error GraphQL September 2025 conformance test (2:1) Expected $, found BlockString ""The text to echo.""","expected ""query Echo(\n\""\""\""\nThe text to echo.\n\""\""\""\n$text: String! = \""hi\""\n) { echo(text: $text) }"" to parse, got: Syntax Error GraphQL September 2025 conformance test (2:1) Expected $, found BlockString ""The text to echo."""
TestSpec2025_Language_DescriptionsOnExecutableDefinitions/variable_description/single_quoted,FAIL,FAIL,BOTH_FAIL,"expected ""query Echo(\""The text to echo.\"" $text: String! = \""hi\"") { echo(text: $text) }"" to parse, got: Syntax Error GraphQL September 2025 conformance test (1:12) Expected $, found String ""The text to echo.""","expected ""query Echo(\""The text to echo.\"" $text: String! = \""hi\"") { echo(text: $text) }"" to parse, got: Syntax Error GraphQL September 2025 conformance test (1:12) Expected $, found String ""The text to echo."""
TestSpec2025_Language_DescriptionsOnExecutableDefinitions/variable_description/with_supplied_variable_values,FAIL,FAIL,BOTH_FAIL,"unexpected errors: [Syntax Error GraphQL request (1:12) Expected $, found String ""The text to echo.""","unexpected errors: [Syntax Error GraphQL request (1:12) Expected $, found String ""The text to echo."""
TestSpec2025_Language_DirectivesAtEveryExecutableLocation/custom_directive_on_field,PASS,PASS,BOTH_PASS,,
TestSpec2025_Language_DirectivesAtEveryExecutableLocation/custom_directive_on_fragment_definition,PASS,PASS,BOTH_PASS,,
TestSpec2025_Language_DirectivesAtEveryExecutableLocation/custom_directive_on_fragment_spread_and_inline_fragment,PASS,PASS,BOTH_PASS,,
TestSpec2025_Language_DirectivesAtEveryExecutableLocation/custom_directive_on_query,PASS,PASS,BOTH_PASS,,
TestSpec2025_Language_DirectivesAtEveryExecutableLocation/custom_directive_on_variable_definition,FAIL,FAIL,BOTH_FAIL,"expected ""query S25LangTaggedVar($first: Int = 1 @s25Tag(label: \""variable\"")) {\n\t\t\titem { withArgs(first: $first) }\n\t\t}"" to parse, got: Syntax Error GraphQL September 2025 conformance test (1:40) Expected $, found @","expected ""query S25LangTaggedVar($first: Int = 1 @s25Tag(label: \""variable\"")) {\n\t\t\titem { withArgs(first: $first) }\n\t\t}"" to parse, got: Syntax Error GraphQL September 2025 conformance test (1:40) Expected $, found @"
TestSpec2025_Language_DirectivesAtEveryExecutableLocation/directive_in_a_location_it_does_not_declare_is_invalid,PASS,PASS,BOTH_PASS,,
TestSpec2025_Language_DirectivesAtEveryExecutableLocation/directive_required_argument_must_be_provided,PASS,PASS,BOTH_PASS,,
TestSpec2025_Language_DirectivesAtEveryExecutableLocation/directives_are_not_repeatable_by_default,FAIL,FAIL,BOTH_FAIL,"expected validation errors, got none","expected validation errors, got none"
TestSpec2025_Language_DirectivesAtEveryExecutableLocation/skip_and_include_are_order_independent,PASS,PASS,BOTH_PASS,,
TestSpec2025_Language_DirectivesAtEveryExecutableLocation/skip_and_include_on_field,PASS,PASS,BOTH_PASS,,
TestSpec2025_Language_DirectivesAtEveryExecutableLocation/skip_and_include_on_fragment_spread,PASS,PASS,BOTH_PASS,,
TestSpec2025_Language_DirectivesAtEveryExecutableLocation/skip_and_include_on_inline_fragment,PASS,PASS,BOTH_PASS,,
TestSpec2025_Language_DirectivesAtEveryExecutableLocation/skip_and_include_with_variables_on_field,PASS,PASS,BOTH_PASS,,
TestSpec2025_Language_DirectivesAtEveryExecutableLocation/skip_wins_over_include,PASS,PASS,BOTH_PASS,,
TestSpec2025_Language_DirectivesAtEveryExecutableLocation/unknown_directive_is_invalid,PASS,PASS,BOTH_PASS,,
TestSpec2025_Language_DocumentShapes/document_with_only_fragments_is_request_error,PASS,PASS,BOTH_PASS,,
TestSpec2025_Language_DocumentShapes/fragment_may_be_defined_before_the_operation,PASS,PASS,BOTH_PASS,,
TestSpec2025_Language_DocumentShapes/multiple_operations_selected_by_operationName,PASS,PASS,BOTH_PASS,,
TestSpec2025_Language_DocumentShapes/multiple_operations_without_operationName_is_request_error,PASS,PASS,BOTH_PASS,,
TestSpec2025_Language_DocumentShapes/operation_with_unused_fragment_is_request_error,PASS,PASS,BOTH_PASS,,
TestSpec2025_Language_DocumentShapes/operation_with_used_fragment_executes,PASS,PASS,BOTH_PASS,,
TestSpec2025_Language_DocumentShapes/unknown_operationName_is_request_error,PASS,PASS,BOTH_PASS,,
TestSpec2025_Language_FieldAlias/alias_may_equal_another_fields_name,PASS,PASS,BOTH_PASS,,
TestSpec2025_Language_FieldAlias/alias_on_nested_field,PASS,PASS,BOTH_PASS,,
TestSpec2025_Language_FieldAlias/alias_renames_the_response_key,PASS,PASS,BOTH_PASS,,
TestSpec2025_Language_FieldAlias/conflicting_aliases_are_invalid,PASS,PASS,BOTH_PASS,,
TestSpec2025_Language_FieldAlias/same_field_twice_under_different_aliases_with_different_arguments,PASS,PASS,BOTH_PASS,,
TestSpec2025_Language_Fragments/fragment_cycles_are_invalid,FAIL,FAIL,BOTH_FAIL,isolated case fragment-cycles failed: exit status 2,isolated case fragment-cycles failed: exit status 2
TestSpec2025_Language_Fragments/fragment_may_not_be_named_on,PASS,PASS,BOTH_PASS,,
TestSpec2025_Language_Fragments/fragment_names_must_be_unique,PASS,PASS,BOTH_PASS,,
TestSpec2025_Language_Fragments/fragment_on_interface_type,PASS,PASS,BOTH_PASS,,
TestSpec2025_Language_Fragments/inline_fragment_with_directive_and_no_type_condition,PASS,PASS,BOTH_PASS,,
TestSpec2025_Language_Fragments/inline_fragment_with_type_condition,PASS,PASS,BOTH_PASS,,
TestSpec2025_Language_Fragments/inline_fragment_without_type_condition,PASS,PASS,BOTH_PASS,,
TestSpec2025_Language_Fragments/inline_fragment_without_type_condition_at_root,PASS,PASS,BOTH_PASS,,
TestSpec2025_Language_Fragments/named_fragment_spread,PASS,PASS,BOTH_PASS,,
TestSpec2025_Language_Fragments/same_fragment_spread_twice_is_merged,PASS,PASS,BOTH_PASS,,
TestSpec2025_Language_Fragments/three_level_fragment_nesting,PASS,PASS,BOTH_PASS,,
TestSpec2025_Language_IgnoredTokensAreInsignificant/bom_whitespace_line_terminators_and_comments,PASS,PASS,BOTH_PASS,,
TestSpec2025_Language_IgnoredTokensAreInsignificant/commas_between_arguments_list_items_and_fields,PASS,PASS,BOTH_PASS,,
TestSpec2025_Language_IgnoredTokensAreInsignificant/comment_containing_closing_brace,PASS,PASS,BOTH_PASS,,
TestSpec2025_Language_IgnoredTokensAreInsignificant/comment_terminated_by_carriage_return,PASS,PASS,BOTH_PASS,,
TestSpec2025_Language_IgnoredTokensAreInsignificant/expected_values,PASS,PASS,BOTH_PASS,,
TestSpec2025_Language_IgnoredTokensAreInsignificant/leading_and_trailing_commas,PASS,PASS,BOTH_PASS,,
TestSpec2025_Language_InputValueLiterals/block_string_escaped_triple_quote,PASS,PASS,BOTH_PASS,,
TestSpec2025_Language_InputValueLiterals/block_string_keeps_quotes_and_backslashes_literal,PASS,PASS,BOTH_PASS,,
TestSpec2025_Language_InputValueLiterals/block_string_value,PASS,PASS,BOTH_PASS,,
TestSpec2025_Language_InputValueLiterals/boolean_value,PASS,PASS,BOTH_PASS,,
TestSpec2025_Language_InputValueLiterals/custom_scalar_literal,PASS,PASS,BOTH_PASS,,
TestSpec2025_Language_InputValueLiterals/empty_input_object_value,PASS,PASS,BOTH_PASS,,
TestSpec2025_Language_InputValueLiterals/empty_list_value,PASS,PASS,BOTH_PASS,,
TestSpec2025_Language_InputValueLiterals/enum_value,PASS,PASS,BOTH_PASS,,
TestSpec2025_Language_InputValueLiterals/enum_value_must_not_be_quoted,PASS,PASS,BOTH_PASS,,
TestSpec2025_Language_InputValueLiterals/explicit_null_input_object_field,FAIL,FAIL,BOTH_FAIL,"unexpected errors: [Syntax Error GraphQL request (1:41) Unexpected Name ""null""","unexpected errors: [Syntax Error GraphQL request (1:41) Unexpected Name ""null"""
TestSpec2025_Language_InputValueLiterals/float_value,PASS,PASS,BOTH_PASS,,
TestSpec2025_Language_InputValueLiterals/fully_populated_nested_input_object,PASS,PASS,BOTH_PASS,,
TestSpec2025_Language_InputValueLiterals/input_object_field_names_must_be_unique,PASS,PASS,BOTH_PASS,,
TestSpec2025_Language_InputValueLiterals/input_object_field_order_is_insignificant,PASS,PASS,BOTH_PASS,,
TestSpec2025_Language_InputValueLiterals/input_object_required_field_must_be_present,PASS,PASS,BOTH_PASS,,
TestSpec2025_Language_InputValueLiterals/input_object_value,PASS,PASS,BOTH_PASS,,
TestSpec2025_Language_InputValueLiterals/int_value,PASS,PASS,BOTH_PASS,,
TestSpec2025_Language_InputValueLiterals/int_value_must_not_be_followed_by_a_name_start,FAIL,FAIL,BOTH_FAIL,"expected a parse error for ""{ echoList(values: [1abc]) }"", got none","expected a parse error for ""{ echoList(values: [1abc]) }"", got none"
TestSpec2025_Language_InputValueLiterals/int_value_must_not_have_leading_zero,PASS,PASS,BOTH_PASS,,
TestSpec2025_Language_InputValueLiterals/list_value,PASS,PASS,BOTH_PASS,,
TestSpec2025_Language_InputValueLiterals/malformed_float_values_are_parse_errors,PASS,PASS,BOTH_PASS,,
TestSpec2025_Language_InputValueLiterals/nested_empty_list_value,PASS,PASS,BOTH_PASS,,
TestSpec2025_Language_InputValueLiterals/nested_list_value,PASS,PASS,BOTH_PASS,,
TestSpec2025_Language_InputValueLiterals/null_is_not_an_enum_value,PASS,PASS,BOTH_PASS,,
TestSpec2025_Language_InputValueLiterals/null_value,FAIL,FAIL,BOTH_FAIL,"unexpected errors: [Syntax Error GraphQL request (1:27) Unexpected Name ""null""","unexpected errors: [Syntax Error GraphQL request (1:27) Unexpected Name ""null"""
TestSpec2025_Language_InputValueLiterals/single_value_is_coerced_into_a_one_element_list,PASS,PASS,BOTH_PASS,,
TestSpec2025_Language_InputValueLiterals/string_braced_unicode_escape,FAIL,FAIL,BOTH_FAIL,unexpected errors: [Syntax Error GraphQL request (1:16) Invalid character escape sequence: \u{1F6,unexpected errors: [Syntax Error GraphQL request (1:16) Invalid character escape sequence: \u{1F6
TestSpec2025_Language_InputValueLiterals/string_escaped_characters,PASS,PASS,BOTH_PASS,,
TestSpec2025_Language_InputValueLiterals/string_literal_supplementary_character,PASS,PASS,BOTH_PASS,,
TestSpec2025_Language_InputValueLiterals/string_surrogate_pair_escape,FAIL,FAIL,BOTH_FAIL,data mismatch,data mismatch
TestSpec2025_Language_InputValueLiterals/string_unicode_escape,PASS,PASS,BOTH_PASS,,
TestSpec2025_Language_InputValueLiterals/string_value,PASS,PASS,BOTH_PASS,,
TestSpec2025_Language_InputValueLiterals/unknown_input_object_field_is_invalid,PASS,PASS,BOTH_PASS,,
TestSpec2025_Language_NameLexing/fragment_and_variable_names_follow_the_same_grammar,PASS,PASS,BOTH_PASS,,
TestSpec2025_Language_NameLexing/name_may_not_contain_hyphen,PASS,PASS,BOTH_PASS,,
TestSpec2025_Language_NameLexing/name_may_not_start_with_digit,PASS,PASS,BOTH_PASS,,
TestSpec2025_Language_NameLexing/names_are_case_sensitive_response_keys,PASS,PASS,BOTH_PASS,,
TestSpec2025_Language_NameLexing/valid_names,PASS,PASS,BOTH_PASS,,
TestSpec2025_Language_OperationForms/anonymous_shorthand,PASS,PASS,BOTH_PASS,,
TestSpec2025_Language_OperationForms/explicit_query_keyword,PASS,PASS,BOTH_PASS,,
TestSpec2025_Language_OperationForms/named_query,PASS,PASS,BOTH_PASS,,
TestSpec2025_Language_OperationForms/named_query_with_variable_definitions_only,PASS,PASS,BOTH_PASS,,
TestSpec2025_Language_OperationForms/query_with_variable_definitions_and_directives,PASS,PASS,BOTH_PASS,,
TestSpec2025_Language_OperationForms/shorthand_and_explicit_forms_are_equivalent,PASS,PASS,BOTH_PASS,,
TestSpec2025_Language_PunctuatorsParse/ampersand_and_pipe_in_type_system_document,PASS,PASS,BOTH_PASS,,
TestSpec2025_Language_PunctuatorsParse/executable_document_uses_bang_dollar_paren_spread_colon_equals_at_bracket_brace,PASS,PASS,BOTH_PASS,,
TestSpec2025_Language_SelectionSetsAndFields/composite_field_without_selection_set_is_invalid,PASS,PASS,BOTH_PASS,,
TestSpec2025_Language_SelectionSetsAndFields/leaf_field_with_selection_set_is_invalid,PASS,PASS,BOTH_PASS,,
TestSpec2025_Language_SelectionSetsAndFields/leaf_field_without_selection_set,PASS,PASS,BOTH_PASS,,
TestSpec2025_Language_SelectionSetsAndFields/nested_selection_sets,PASS,PASS,BOTH_PASS,,
TestSpec2025_Language_SelectionSetsAndFields/response_key_order_follows_selection_order,FAIL,PASS,SGRAPH_FIXED,"key ""a"" appears out of order in {""a"":""a"",""m"":""m"",""z"":""z""}",
TestSpec2025_Language_SelectionSetsAndFields/same_field_repeated_is_merged_into_one_response_key,PASS,PASS,BOTH_PASS,,
TestSpec2025_Language_SelectionSetsAndFields/same_nested_field_repeated_is_merged,PASS,PASS,BOTH_PASS,,
TestSpec2025_Language_VariablesAndTypeReferences/missing_non_null_variable_is_a_request_error,PASS,PASS,BOTH_PASS,,
TestSpec2025_Language_VariablesAndTypeReferences/nested_list_type_reference_with_default,FAIL,FAIL,BOTH_FAIL,"unexpected errors: [Variable ""$values"" of type ""[[Int!]!]!"" is required and will not use the default value. Perhaps you meant to use type ""[[Int!]!]"".]","unexpected errors: [Variable ""$values"" of type ""[[Int!]!]!"" is required and will not use the default value. Perhaps you meant to use type ""[[Int!]!]"".]"
TestSpec2025_Language_VariablesAndTypeReferences/nested_non_null_list_type_reference,PASS,PASS,BOTH_PASS,,
TestSpec2025_Language_VariablesAndTypeReferences/non_null_variable,PASS,PASS,BOTH_PASS,,
TestSpec2025_Language_VariablesAndTypeReferences/null_for_non_null_variable_is_a_request_error,PASS,PASS,BOTH_PASS,,
TestSpec2025_Language_VariablesAndTypeReferences/nullable_variable_default_is_used_when_absent,PASS,PASS,BOTH_PASS,,
TestSpec2025_Language_VariablesAndTypeReferences/supplied_value_overrides_the_variable_default,FAIL,FAIL,BOTH_FAIL,"unexpected errors: [Variable ""$text"" of type ""String!"" is required and will not use the default value. Perhaps you meant to use type ""String"".]","unexpected errors: [Variable ""$text"" of type ""String!"" is required and will not use the default value. Perhaps you meant to use type ""String"".]"
TestSpec2025_Language_VariablesAndTypeReferences/undefined_variable_is_invalid,PASS,PASS,BOTH_PASS,,
TestSpec2025_Language_VariablesAndTypeReferences/unused_variable_is_invalid,PASS,PASS,BOTH_PASS,,
TestSpec2025_Language_VariablesAndTypeReferences/variable_default_must_be_a_constant,PASS,PASS,BOTH_PASS,,
TestSpec2025_Language_VariablesAndTypeReferences/variable_inside_a_list_literal,PASS,PASS,BOTH_PASS,,
TestSpec2025_Language_VariablesAndTypeReferences/variable_inside_a_nested_input_object_literal,PASS,PASS,BOTH_PASS,,
TestSpec2025_Language_VariablesAndTypeReferences/variable_inside_an_input_object_literal,PASS,PASS,BOTH_PASS,,
TestSpec2025_Language_VariablesAndTypeReferences/variable_names_must_be_unique,PASS,PASS,BOTH_PASS,,
TestSpec2025_Language_VariablesAndTypeReferences/variable_with_default_value,FAIL,FAIL,BOTH_FAIL,"unexpected errors: [Variable ""$text"" of type ""String!"" is required and will not use the default value. Perhaps you meant to use type ""String"".]","unexpected errors: [Variable ""$text"" of type ""String!"" is required and will not use the default value. Perhaps you meant to use type ""String"".]"
TestSpec2025_Language_VariablesAndTypeReferences/variables_may_only_be_input_types,PASS,PASS,BOTH_PASS,,
TestSpec2025_Response_DataEntry,FAIL,PASS,SGRAPH_FIXED,isolated case response-data-entry failed: exit status 2,
TestSpec2025_Response_ErrorObjectShape/extensions_are_propagated,PASS,PASS,BOTH_PASS,,
TestSpec2025_Response_ErrorObjectShape/message_locations_and_path,PASS,PASS,BOTH_PASS,,
TestSpec2025_Response_ErrorObjectShape/multiple_sibling_errors_are_all_reported,PASS,PASS,BOTH_PASS,,
TestSpec2025_Response_ErrorObjectShape/path_elements_are_strings_and_integers,PASS,PASS,BOTH_PASS,,
TestSpec2025_Response_ErrorObjectShape/serialized_error_object_keys,PASS,PASS,BOTH_PASS,,
TestSpec2025_Response_ExecutionResultShape/errors_entry_is_never_an_empty_list,PASS,PASS,BOTH_PASS,,
TestSpec2025_Response_ExecutionResultShape/field_error_keeps_data_and_adds_errors,PASS,PASS,BOTH_PASS,,
TestSpec2025_Response_ExecutionResultShape/successful_request_carries_data,PASS,PASS,BOTH_PASS,,
TestSpec2025_Response_ExtensionsEntry/extensions_entry_is_a_map_and_is_reported,PASS,PASS,BOTH_PASS,,
TestSpec2025_Response_ExtensionsEntry/top_level_entries_are_restricted,PASS,PASS,BOTH_PASS,,
TestSpec2025_Response_JSONSerialization/integers_serialize_without_a_fraction,PASS,PASS,BOTH_PASS,,
TestSpec2025_Response_JSONSerialization/lists_serialize_as_json_arrays_preserving_order,PASS,PASS,BOTH_PASS,,
TestSpec2025_Response_JSONSerialization/scalars_serialize_with_json_types,PASS,PASS,BOTH_PASS,,
TestSpec2025_Response_JSONSerialization/strings_are_escaped,PASS,PASS,BOTH_PASS,,
TestSpec2025_Response_PositionFollowsQueryOrder/aliases_keep_query_order,FAIL,PASS,SGRAPH_FIXED,"key ""aa"" appears out of order in {""aa"":""a"",""mm"":""m"",""zz"":""z""}",
TestSpec2025_Response_PositionFollowsQueryOrder/first_occurrence_determines_position_even_when_skipped,PASS,PASS,BOTH_PASS,,
TestSpec2025_Response_PositionFollowsQueryOrder/fragment_expansion_keeps_first_occurrence_position,FAIL,PASS,SGRAPH_FIXED,"key ""a"" appears out of order in {""a"":""a"",""m"":""m"",""z"":""z""}",
TestSpec2025_Response_PositionFollowsQueryOrder/nested_fields_keep_query_order,FAIL,PASS,SGRAPH_FIXED,"key ""id"" appears out of order in {""user"":{""id"":""u1"",""name"":""Ada""}}",
TestSpec2025_Response_PositionFollowsQueryOrder/root_fields_keep_query_order,FAIL,PASS,SGRAPH_FIXED,"key ""a"" appears out of order in {""a"":""a"",""m"":""m"",""z"":""z""}",
TestSpec2025_Response_RequestErrorResultOmitsData/parse_error,FAIL,FAIL,BOTH_FAIL,serialized request error result must omit the data entry entirely; got null,serialized request error result must omit the data entry entirely; got null
TestSpec2025_Response_RequestErrorResultOmitsData/unknown_operation_name,FAIL,FAIL,BOTH_FAIL,serialized request error result must omit the data entry entirely; got null,serialized request error result must omit the data entry entirely; got null
TestSpec2025_Response_RequestErrorResultOmitsData/validation_error,FAIL,FAIL,BOTH_FAIL,serialized request error result must omit the data entry entirely; got null,serialized request error result must omit the data entry entirely; got null
TestSpec2025_Response_RequestErrorResultOmitsData/variable_coercion,FAIL,FAIL,BOTH_FAIL,serialized request error result must omit the data entry entirely; got null,serialized request error result must omit the data entry entirely; got null
TestSpec2025_Response_SerializedMapOrdering/data_keys_follow_request_order,FAIL,PASS,SGRAPH_FIXED,"key ""a"" appears out of order in {""a"":""a"",""m"":""m"",""z"":""z""}",
TestSpec2025_Response_SerializedMapOrdering/list_item_map_keys_follow_request_order,FAIL,PASS,SGRAPH_FIXED,"list item keys are not in request order: {""people"":[{""id"":""p1"",""name"":""Ada""},{""id"":""p2"",""name"":""Bob""},{""id"":""p3"",""name"":""Cid""}]}",
TestSpec2025_Response_SerializedMapOrdering/nested_map_keys_follow_request_order,FAIL,PASS,SGRAPH_FIXED,"key ""id"" appears out of order in {""user"":{""id"":""u1"",""name"":""Ada""}}",
"TestSpec2025_TypeSystem_BooleanScalar/""yes""_raises_a_field_error",FAIL,FAIL,BOTH_FAIL,"fromString: expected a field error, got none; data=map[string]interface {}{""fromString"":true}","fromString: expected a field error, got none; data=map[string]interface {}{""fromString"":true}"
TestSpec2025_TypeSystem_BooleanScalar/0_raises_a_field_error,FAIL,FAIL,BOTH_FAIL,"fromZero: expected a field error, got none; data=map[string]interface {}{""fromZero"":false}","fromZero: expected a field error, got none; data=map[string]interface {}{""fromZero"":false}"
TestSpec2025_TypeSystem_BooleanScalar/1_raises_a_field_error,FAIL,FAIL,BOTH_FAIL,"fromInt: expected a field error, got none; data=map[string]interface {}{""fromInt"":true}","fromInt: expected a field error, got none; data=map[string]interface {}{""fromInt"":true}"
TestSpec2025_TypeSystem_BooleanScalar/boolean_input_coercion_only_accepts_boolean_literals,PASS,PASS,BOTH_PASS,,
TestSpec2025_TypeSystem_BooleanScalar/false_is_a_valid_Boolean,PASS,PASS,BOTH_PASS,,
TestSpec2025_TypeSystem_BooleanScalar/true_is_a_valid_Boolean,PASS,PASS,BOTH_PASS,,
TestSpec2025_TypeSystem_EnumTypes/a_defined_enum_value_round-trips,PASS,PASS,BOTH_PASS,,
TestSpec2025_TypeSystem_EnumTypes/a_deprecated_enum_value_is_still_usable_as_input,PASS,PASS,BOTH_PASS,,
TestSpec2025_TypeSystem_EnumTypes/a_deprecated_enum_value_is_usable_through_a_variable,PASS,PASS,BOTH_PASS,,
TestSpec2025_TypeSystem_EnumTypes/a_value_outside_the_enum_raises_a_field_error_and_yields_null,FAIL,PASS,SGRAPH_FIXED,"badEnum: expected a field error, got none; data=map[string]interface {}{""badEnum"":interface {}(nil)}",
TestSpec2025_TypeSystem_EnumTypes/enum_input_coercion_rejects_a_string_literal,PASS,PASS,BOTH_PASS,,
TestSpec2025_TypeSystem_EnumTypes/enum_input_coercion_rejects_an_undefined_value,PASS,PASS,BOTH_PASS,,
TestSpec2025_TypeSystem_FloatScalar/+Inf_raises_a_field_error,FAIL,FAIL,BOTH_FAIL,"positiveInf: expected a field error, got none; data=map[string]interface {}{""positiveInf"":+Inf}","positiveInf: expected a field error, got none; data=map[string]interface {}{""positiveInf"":+Inf}"
TestSpec2025_TypeSystem_FloatScalar/-Inf_raises_a_field_error,FAIL,FAIL,BOTH_FAIL,"negativeInf: expected a field error, got none; data=map[string]interface {}{""negativeInf"":-Inf}","negativeInf: expected a field error, got none; data=map[string]interface {}{""negativeInf"":-Inf}"
TestSpec2025_TypeSystem_FloatScalar/1e10_is_a_valid_Float,PASS,PASS,BOTH_PASS,,
TestSpec2025_TypeSystem_FloatScalar/Int_literals_are_accepted_where_Float_is_expected,PASS,PASS,BOTH_PASS,,
TestSpec2025_TypeSystem_FloatScalar/NaN_raises_a_field_error,FAIL,PASS,SGRAPH_FIXED,"notANumber: expected a field error, got none; data=map[string]interface {}{""notANumber"":interface {}(nil)}",
TestSpec2025_TypeSystem_FloatScalar/a_string_raises_a_field_error,FAIL,FAIL,BOTH_FAIL,"fromString: expected a field error, got none; data=map[string]interface {}{""fromString"":1.5}","fromString: expected a field error, got none; data=map[string]interface {}{""fromString"":1.5}"
TestSpec2025_TypeSystem_FloatScalar/an_int64_internal_value_coerces_to_Float,PASS,PASS,BOTH_PASS,,
TestSpec2025_TypeSystem_FloatScalar/an_integer_internal_value_coerces_to_Float,PASS,PASS,BOTH_PASS,,
TestSpec2025_TypeSystem_FloatScalar/negative_zero_is_finite_and_therefore_a_valid_Float,PASS,PASS,BOTH_PASS,,
TestSpec2025_TypeSystem_FloatScalar/the_maximum_float64_is_finite_and_therefore_a_valid_Float,PASS,PASS,BOTH_PASS,,
TestSpec2025_TypeSystem_FloatScalar/the_smallest_non-zero_float64_is_a_valid_Float,PASS,PASS,BOTH_PASS,,
TestSpec2025_TypeSystem_IDScalar/ID_input_coercion_rejects_booleans,PASS,PASS,BOTH_PASS,,
TestSpec2025_TypeSystem_IDScalar/ID_input_coercion_rejects_floats,PASS,PASS,BOTH_PASS,,
TestSpec2025_TypeSystem_IDScalar/a_string_internal_value_serializes_unchanged,PASS,PASS,BOTH_PASS,,
TestSpec2025_TypeSystem_IDScalar/a_string_literal_is_accepted_and_serialized_as_a_String,PASS,PASS,BOTH_PASS,,
TestSpec2025_TypeSystem_IDScalar/a_string_variable_is_accepted_and_serialized_as_a_String,PASS,PASS,BOTH_PASS,,
TestSpec2025_TypeSystem_IDScalar/an_int64_internal_value_serializes_to_a_String,PASS,PASS,BOTH_PASS,,
TestSpec2025_TypeSystem_IDScalar/an_integer_internal_value_serializes_to_a_String,PASS,PASS,BOTH_PASS,,
TestSpec2025_TypeSystem_IDScalar/an_integer_literal_is_accepted_and_serialized_as_a_String,PASS,PASS,BOTH_PASS,,
TestSpec2025_TypeSystem_IDScalar/an_integer_variable_is_accepted_and_serialized_as_a_String,PASS,PASS,BOTH_PASS,,
TestSpec2025_TypeSystem_InputObjects/a_duplicated_input_field_is_a_request_error,PASS,PASS,BOTH_PASS,,
TestSpec2025_TypeSystem_InputObjects/a_missing_required_field_is_a_request_error,PASS,PASS,BOTH_PASS,,
TestSpec2025_TypeSystem_InputObjects/a_nested_input_object_supplied_through_a_variable_coerces_recursively,PASS,PASS,BOTH_PASS,,
TestSpec2025_TypeSystem_InputObjects/a_non-object_value_for_an_input_object_is_a_request_error,PASS,PASS,BOTH_PASS,,
TestSpec2025_TypeSystem_InputObjects/an_explicit_null_for_a_non-null_input_field_is_a_request_error,PASS,PASS,BOTH_PASS,,
TestSpec2025_TypeSystem_InputObjects/an_explicit_null_is_not_replaced_by_the_field_default,FAIL,FAIL,BOTH_FAIL,"unexpected errors: [Syntax Error GraphQL request (1:41) Unexpected Name ""null""","unexpected errors: [Syntax Error GraphQL request (1:41) Unexpected Name ""null"""
TestSpec2025_TypeSystem_InputObjects/an_explicit_null_through_a_variable_is_not_replaced_by_the_field_default,FAIL,FAIL,BOTH_FAIL,data mismatch,data mismatch
TestSpec2025_TypeSystem_InputObjects/an_unknown_field_is_a_request_error,PASS,PASS,BOTH_PASS,,
TestSpec2025_TypeSystem_InputObjects/field_defaults_are_applied_when_the_field_is_omitted,PASS,PASS,BOTH_PASS,,
TestSpec2025_TypeSystem_InputObjects/nested_input_objects_coerce_recursively_and_apply_their_own_defaults,PASS,PASS,BOTH_PASS,,
TestSpec2025_TypeSystem_IntScalar/-2147483648_is_the_minimum_representable_Int,PASS,PASS,BOTH_PASS,,
TestSpec2025_TypeSystem_IntScalar/-2^31-1_raises_a_field_error,FAIL,PASS,SGRAPH_FIXED,"underMin: expected a field error, got none; data=map[string]interface {}{""underMin"":interface {}(nil)}",
TestSpec2025_TypeSystem_IntScalar/2147483647_is_the_maximum_representable_Int,PASS,PASS,BOTH_PASS,,
TestSpec2025_TypeSystem_IntScalar/2^31_raises_a_field_error,FAIL,PASS,SGRAPH_FIXED,"overMax: expected a field error, got none; data=map[string]interface {}{""overMax"":interface {}(nil)}",
TestSpec2025_TypeSystem_IntScalar/a_boolean_raises_a_field_error,FAIL,FAIL,BOTH_FAIL,"fromBool: expected a field error, got none; data=map[string]interface {}{""fromBool"":1}","fromBool: expected a field error, got none; data=map[string]interface {}{""fromBool"":1}"
TestSpec2025_TypeSystem_IntScalar/a_fractional_value_raises_a_field_error,FAIL,FAIL,BOTH_FAIL,"fractional: expected a field error, got none; data=map[string]interface {}{""fractional"":1}","fractional: expected a field error, got none; data=map[string]interface {}{""fractional"":1}"
TestSpec2025_TypeSystem_IntScalar/a_string_raises_a_field_error,FAIL,FAIL,BOTH_FAIL,"fromString: expected a field error, got none; data=map[string]interface {}{""fromString"":5}","fromString: expected a field error, got none; data=map[string]interface {}{""fromString"":5}"
TestSpec2025_TypeSystem_IntScalar/a_whole_float_loses_no_information_and_coerces_to_Int,PASS,PASS,BOTH_PASS,,
TestSpec2025_TypeSystem_IntScalar/bigInt_overflows_32_bits_and_raises_a_field_error,FAIL,PASS,SGRAPH_FIXED,"bigInt: expected a field error, got none; data=map[string]interface {}{""bigInt"":interface {}(nil)}",
TestSpec2025_TypeSystem_IntScalar/input_coercion_rejects_fractional_Int_literals,PASS,PASS,BOTH_PASS,,
TestSpec2025_TypeSystem_IntScalar/input_coercion_rejects_out-of-range_Int_literals,FAIL,FAIL,BOTH_FAIL,"expected a request error, got none; data=map[string]interface {}{""echoInt"":""2147483648""}","expected a request error, got none; data=map[string]interface {}{""echoInt"":""2147483648""}"
TestSpec2025_TypeSystem_IntScalar/int32_is_a_valid_Int_internal_value,PASS,PASS,BOTH_PASS,,
TestSpec2025_TypeSystem_ListAndNonNullCombinations,FAIL,FAIL,BOTH_FAIL,isolated case typesystem_listandnonnullcombinations failed: exit status 2,isolated case typesystem_listandnonnullcombinations failed: exit status 1
TestSpec2025_TypeSystem_OneOfInputObjects/exactly_one_field_succeeds,PASS,PASS,BOTH_PASS,,
TestSpec2025_TypeSystem_OneOfInputObjects/exactly_one_integer_field_succeeds,PASS,PASS,BOTH_PASS,,
TestSpec2025_TypeSystem_OneOfInputObjects/one_field_whose_variable_resolves_to_null_is_an_error,FAIL,FAIL,BOTH_FAIL,"expected an error for a oneof field coerced to null; data=map[string]interface {}{""pick"":""map[]""}","expected an error for a oneof field coerced to null; data=map[string]interface {}{""pick"":""map[]""}"
TestSpec2025_TypeSystem_OneOfInputObjects/one_field_with_an_explicit_null_is_a_request_error,PASS,PASS,BOTH_PASS,,
TestSpec2025_TypeSystem_OneOfInputObjects/the_type_reports_isOneOf_true_through_introspection,FAIL,FAIL,BOTH_FAIL,"unexpected errors: [Cannot query field ""isOneOf"" on type ""__Type"".]","unexpected errors: [Cannot query field ""isOneOf"" on type ""__Type"".]"
TestSpec2025_TypeSystem_OneOfInputObjects/two_fields_is_a_request_error,FAIL,FAIL,BOTH_FAIL,"expected a request error, got none; data=map[string]interface {}{""pick"":""map[a:x b:3]""}","expected a request error, got none; data=map[string]interface {}{""pick"":""map[a:x b:3]""}"
TestSpec2025_TypeSystem_OneOfInputObjects/zero_fields_is_a_request_error,FAIL,FAIL,BOTH_FAIL,"expected a request error, got none; data=map[string]interface {}{""pick"":""map[]""}","expected a request error, got none; data=map[string]interface {}{""pick"":""map[]""}"
TestSpec2025_TypeSystem_RootOperationTypes/mutation_against_query-only_schema_is_a_request_error,PASS,PASS,BOTH_PASS,,
TestSpec2025_TypeSystem_RootOperationTypes/mutation_operation_roots_at_the_mutation_type,PASS,PASS,BOTH_PASS,,
TestSpec2025_TypeSystem_RootOperationTypes/query-only_schema_exposes_no_mutation_or_subscription_root,PASS,PASS,BOTH_PASS,,
TestSpec2025_TypeSystem_RootOperationTypes/query_operation_roots_at_the_query_type,PASS,PASS,BOTH_PASS,,
TestSpec2025_TypeSystem_RootOperationTypes/root_types_are_reported_through_introspection,PASS,PASS,BOTH_PASS,,
TestSpec2025_TypeSystem_RootOperationTypes/shorthand_operation_roots_at_the_query_type,PASS,PASS,BOTH_PASS,,
TestSpec2025_TypeSystem_RootOperationTypes/subscription_against_query-only_schema_is_a_request_error,PASS,PASS,BOTH_PASS,,
TestSpec2025_TypeSystem_RootOperationTypes/subscription_operation_roots_at_the_subscription_type,PASS,PASS,BOTH_PASS,,
TestSpec2025_TypeSystem_SchemaConstructionErrors/a_field_with_an_invalid_name_is_rejected,PASS,PASS,BOTH_PASS,,
TestSpec2025_TypeSystem_SchemaConstructionErrors/a_schema_without_a_Query_type_is_rejected,PASS,PASS,BOTH_PASS,,
TestSpec2025_TypeSystem_SchemaConstructionErrors/a_union_with_a_member_that_is_not_an_object_type_is_rejected,PASS,PASS,BOTH_PASS,,
TestSpec2025_TypeSystem_SchemaConstructionErrors/an_enum_with_no_values_is_rejected,PASS,PASS,BOTH_PASS,,
TestSpec2025_TypeSystem_SchemaConstructionErrors/an_invalid_type_name_is_rejected,PASS,PASS,BOTH_PASS,,
TestSpec2025_TypeSystem_SchemaConstructionErrors/an_object_type_with_no_fields_is_rejected,PASS,PASS,BOTH_PASS,,
TestSpec2025_TypeSystem_SchemaConstructionErrors/two_distinct_types_with_the_same_name_are_rejected,PASS,PASS,BOTH_PASS,,
TestSpec2025_TypeSystem_SpecifiedDirectives/@deprecated_carries_a_reason_argument_defaulting_to_a_String,PASS,PASS,BOTH_PASS,,
TestSpec2025_TypeSystem_SpecifiedDirectives/@oneOf_takes_no_arguments,FAIL,FAIL,BOTH_FAIL,@oneOf is missing from the schema's directive set,@oneOf is missing from the schema's directive set
TestSpec2025_TypeSystem_SpecifiedDirectives/@specifiedBy_carries_a_non-null_url_argument,FAIL,FAIL,BOTH_FAIL,@specifiedBy is missing from the schema's directive set,@specifiedBy is missing from the schema's directive set
TestSpec2025_TypeSystem_SpecifiedDirectives/schema.Directive_lookup_finds_every_specified_directive,FAIL,FAIL,BOTH_FAIL,"schema.Directive(""oneOf"") = nil, want the specified directive","schema.Directive(""oneOf"") = nil, want the specified directive"
TestSpec2025_TypeSystem_SpecifiedDirectives/specified_directives_are_not_repeatable,FAIL,FAIL,BOTH_FAIL,"unexpected errors: [Cannot query field ""isRepeatable"" on type ""__Directive"".]","unexpected errors: [Cannot query field ""isRepeatable"" on type ""__Directive"".]"
TestSpec2025_TypeSystem_StringScalar/a_64_KiB_string_round-trips_unchanged,PASS,PASS,BOTH_PASS,,
TestSpec2025_TypeSystem_StringScalar/a_struct_raises_a_field_error,FAIL,FAIL,BOTH_FAIL,"fromStruct: expected a field error, got none; data=map[string]interface {}{""fromStruct"":""{1}""}","fromStruct: expected a field error, got none; data=map[string]interface {}{""fromStruct"":""{1}""}"
TestSpec2025_TypeSystem_StringScalar/an_integer_raises_a_field_error,FAIL,FAIL,BOTH_FAIL,"fromInt: expected a field error, got none; data=map[string]interface {}{""fromInt"":""7""}","fromInt: expected a field error, got none; data=map[string]interface {}{""fromInt"":""7""}"
TestSpec2025_TypeSystem_StringScalar/emoji_and_surrogate_pairs_round-trip_unchanged,PASS,PASS,BOTH_PASS,,
TestSpec2025_TypeSystem_StringScalar/string_input_coercion_only_accepts_string_literals,PASS,PASS,BOTH_PASS,,
TestSpec2025_TypeSystem_StringScalar/the_empty_string_is_a_valid_String,PASS,PASS,BOTH_PASS,,
TestSpec2025_Validation_Arguments/5.4.1_ArgumentNames,PASS,PASS,BOTH_PASS,,
TestSpec2025_Validation_Arguments/5.4.2_ArgumentUniqueness,PASS,PASS,BOTH_PASS,,
TestSpec2025_Validation_Arguments/5.4.3_RequiredArguments,FAIL,FAIL,BOTH_FAIL,"expected valid document, got: [Syntax Error GraphQL September 2025 conformance test (1:24) Unexpected Name ""null""","expected valid document, got: [Syntax Error GraphQL September 2025 conformance test (1:24) Unexpected Name ""null"""
TestSpec2025_Validation_Directives/5.7.1_DirectivesAreDefined,PASS,PASS,BOTH_PASS,,
TestSpec2025_Validation_Directives/5.7.2_DirectivesAreInValidLocations,PASS,PASS,BOTH_PASS,,
TestSpec2025_Validation_Directives/5.7.3_DirectivesAreUniquePerLocation,FAIL,FAIL,BOTH_FAIL,"expected validation errors, got none","expected validation errors, got none"
TestSpec2025_Validation_Documents/5.1.1_ExecutableDefinitions,FAIL,FAIL,BOTH_FAIL,"expected validation errors, got none","expected validation errors, got none"
TestSpec2025_Validation_DoesNotExecuteResolvers/fragment_cycle_free_but_unused,PASS,PASS,BOTH_PASS,,
TestSpec2025_Validation_DoesNotExecuteResolvers/leaf_selection_on_scalar,PASS,PASS,BOTH_PASS,,
TestSpec2025_Validation_DoesNotExecuteResolvers/missing_required_argument,PASS,PASS,BOTH_PASS,,
TestSpec2025_Validation_DoesNotExecuteResolvers/unknown_field_alongside_a_valid_one,PASS,PASS,BOTH_PASS,,
TestSpec2025_Validation_ErrorsCarryLocationsAndOmitData/missing_required_argument,FAIL,FAIL,BOTH_FAIL,"serialized result must not contain a ""data"" key when the request failed before execution; got keys [data errors]","serialized result must not contain a ""data"" key when the request failed before execution; got keys [data errors]"
TestSpec2025_Validation_ErrorsCarryLocationsAndOmitData/scalar_with_selection_set,FAIL,FAIL,BOTH_FAIL,"serialized result must not contain a ""data"" key when the request failed before execution; got keys [data errors]","serialized result must not contain a ""data"" key when the request failed before execution; got keys [data errors]"
TestSpec2025_Validation_ErrorsCarryLocationsAndOmitData/undefined_variable,FAIL,FAIL,BOTH_FAIL,"serialized result must not contain a ""data"" key when the request failed before execution; got keys [data errors]","serialized result must not contain a ""data"" key when the request failed before execution; got keys [data errors]"
TestSpec2025_Validation_ErrorsCarryLocationsAndOmitData/unknown_directive,FAIL,FAIL,BOTH_FAIL,"serialized result must not contain a ""data"" key when the request failed before execution; got keys [data errors]","serialized result must not contain a ""data"" key when the request failed before execution; got keys [data errors]"
TestSpec2025_Validation_ErrorsCarryLocationsAndOmitData/unknown_field,FAIL,FAIL,BOTH_FAIL,"serialized result must not contain a ""data"" key when the request failed before execution; got keys [data errors]","serialized result must not contain a ""data"" key when the request failed before execution; got keys [data errors]"
TestSpec2025_Validation_ErrorsCarryLocationsAndOmitData/unused_fragment,FAIL,FAIL,BOTH_FAIL,"serialized result must not contain a ""data"" key when the request failed before execution; got keys [data errors]","serialized result must not contain a ""data"" key when the request failed before execution; got keys [errors data]"
TestSpec2025_Validation_FieldSelectionMerging/5.3.2_FieldSelectionMerging,PASS,PASS,BOTH_PASS,,
TestSpec2025_Validation_Fields/5.3.1_FieldSelections,PASS,PASS,BOTH_PASS,,
TestSpec2025_Validation_Fields/5.3.3_LeafFieldSelections,PASS,PASS,BOTH_PASS,,
TestSpec2025_Validation_FragmentCyclesAreRejected,FAIL,FAIL,BOTH_FAIL,isolated case fragment-cycle failed: exit status 2,isolated case fragment-cycle failed: exit status 2
TestSpec2025_Validation_FragmentDeclarations/5.5.1.1_FragmentNameUniqueness,PASS,PASS,BOTH_PASS,,
TestSpec2025_Validation_FragmentDeclarations/5.5.1.2_FragmentSpreadTypeExistence,PASS,PASS,BOTH_PASS,,
TestSpec2025_Validation_FragmentDeclarations/5.5.1.3_FragmentsOnCompositeTypes,PASS,PASS,BOTH_PASS,,
TestSpec2025_Validation_FragmentDeclarations/5.5.1.4_FragmentsMustBeUsed,PASS,PASS,BOTH_PASS,,
TestSpec2025_Validation_FragmentSpreads/5.5.2.1_FragmentSpreadTargetDefined,PASS,PASS,BOTH_PASS,,
TestSpec2025_Validation_FragmentSpreads/5.5.2.3.1_ObjectSpreadsInObjectScope,PASS,PASS,BOTH_PASS,,
TestSpec2025_Validation_FragmentSpreads/5.5.2.3.2_AbstractSpreadsInObjectScope,PASS,PASS,BOTH_PASS,,
TestSpec2025_Validation_FragmentSpreads/5.5.2.3.3_ObjectSpreadsInAbstractScope,PASS,PASS,BOTH_PASS,,
TestSpec2025_Validation_FragmentSpreads/5.5.2.3.4_AbstractSpreadsInAbstractScope,PASS,PASS,BOTH_PASS,,
TestSpec2025_Validation_Operations/5.2.1.1_OperationTypeExistence,FAIL,FAIL,BOTH_FAIL,"expected validation errors, got none","expected validation errors, got none"
TestSpec2025_Validation_Operations/5.2.2.1_OperationNameUniqueness,PASS,PASS,BOTH_PASS,,
TestSpec2025_Validation_Operations/5.2.3.1_LoneAnonymousOperation,PASS,PASS,BOTH_PASS,,
TestSpec2025_Validation_Operations/5.2.4.1_SingleRootField,FAIL,FAIL,BOTH_FAIL,"expected validation errors, got none","expected validation errors, got none"
TestSpec2025_Validation_Values/5.6.1_ValuesOfCorrectType,FAIL,FAIL,BOTH_FAIL,"expected valid document, got: [Syntax Error GraphQL September 2025 conformance test (1:24) Unexpected Name ""null""","expected valid document, got: [Syntax Error GraphQL September 2025 conformance test (1:24) Unexpected Name ""null"""
TestSpec2025_Validation_Values/5.6.2_InputObjectFieldNames,PASS,PASS,BOTH_PASS,,
TestSpec2025_Validation_Values/5.6.3_InputObjectFieldUniqueness,FAIL,FAIL,BOTH_FAIL,"expected validation errors, got none","expected validation errors, got none"
TestSpec2025_Validation_Values/5.6.4_InputObjectRequiredFields,FAIL,FAIL,BOTH_FAIL,"expected valid document, got: [Syntax Error GraphQL September 2025 conformance test (1:41) Unexpected Name ""null""","expected valid document, got: [Syntax Error GraphQL September 2025 conformance test (1:41) Unexpected Name ""null"""
TestSpec2025_Validation_Variables/5.8.1_VariableUniqueness,PASS,PASS,BOTH_PASS,,
TestSpec2025_Validation_Variables/5.8.2_VariablesAreInputTypes,PASS,PASS,BOTH_PASS,,
TestSpec2025_Validation_Variables/5.8.3_AllVariableUsesDefined,PASS,PASS,BOTH_PASS,,
TestSpec2025_Validation_Variables/5.8.4_AllVariablesUsed,PASS,PASS,BOTH_PASS,,
TestSpec2025_Validation_Variables/5.8.5_AllVariableUsagesAreAllowed,PASS,PASS,BOTH_PASS,,
